<?xml version="1.0" encoding="UTF-8" standalone="yes"?><resources><resource path="/testsuite-addressBook/src/main/java/tests/CheckTestCase.java"><resourceId>1575018740733-2123375613</resourceId></resource><resource path="/testsuite-addressBook/src/main/java/tests/TestAddEntryValid.java"><resourceId>1575020366035-1569196797</resourceId></resource><resource path="/testsuite-addressBook/src/main/java/tests/TestAddEntryWithEmptyAddress.java"><resourceId>1575022837864-378139950</resourceId></resource><resource path="/testsuite-addressBook/src/main/java/tests/TestAddEntryWithEmptyName.java"><resourceId>1575022442451416252271</resourceId></resource><resource path="/testsuite-addressBook/src/main/java/tests/TestAddEntryWithEmptySurname.java"><resourceId>1575022555798818959838</resourceId></resource><resource path="/testsuite-addressBook/src/main/java/tests/TestLoginEmpty.java"><resourceId>1575020092662-1053665281</resourceId></resource><resource path="/testsuite-addressBook/src/main/java/tests/TestLoginInvalid.java"><resourceId>1575019495550925653763</resourceId></resource><resource path="/testsuite-addressBook/src/main/java/tests/TestLoginValid.java"><resourceId>1575018747188-980359611</resourceId></resource><resource path="/testsuite-addressBook/src/main/java/tests/TestLogout.java"><resourceId>1575020179984-733010073</resourceId></resource><resource path="/testsuite-addressBook/src/main/java/utils/BaseTest.java"><resourceId>15750171843741203495301</resourceId></resource><resource path="/testsuite-petclinic/src/main/java/po/FindOwnerPage.java"><resourceId>1574766956829362631922</resourceId></resource><resource path="/testsuite-petclinic/src/main/java/po/IndexPage.java"><resourceId>1574766709717763128860</resourceId></resource><resource path="/testsuite-petclinic/src/main/java/po/OwnerInfoPage.java"><resourceId>1574767341477315571567</resourceId></resource><resource path="/testsuite-petclinic/src/main/java/po/PageObject.java"><resourceId>1574766672855-939620476</resourceId></resource><resource path="/testsuite-petclinic/src/main/java/tests/CheckTestCase.java"><resourceId>1574768104190-2046138582</resourceId></resource><resource path="/testsuite-petclinic/src/main/java/tests/TestAddOwnerWithEmptyFirstName.java"><resourceId>1575022264058861999442</resourceId></resource><resource path="/testsuite-petclinic/src/main/java/tests/TestAddPetToOwner.java"><resourceId>1575019690825-1093378113</resourceId></resource><resource path="/testsuite-petclinic/src/main/java/tests/TestEditOwnerWithLongTelephone.java"><resourceId>15750196830511101068639</resourceId></resource><resource path="/testsuite-petclinic/src/main/java/tests/TestFindAllOwners.java"><resourceId>15750209476581868016729</resourceId></resource><resource path="/testsuite-petclinic/src/main/java/tests/TestFindExistingOwner.java"><resourceId>15744182455141826675764</resourceId></resource><resource path="/testsuite-petclinic/src/main/java/tests/TestFindExistingOwnerFromAll.java"><resourceId>1575020944869-1474370121</resourceId></resource><resource path="/testsuite-petclinic/src/main/java/tests/TestFindExistingOwnerPO.java"><resourceId>1574768829024-437434912</resourceId></resource><resource path="/testsuite-petclinic/src/main/java/tests/TestFindNotExistingOwner.java"><resourceId>1575019680726454802768</resourceId></resource><resource path="/testsuite-petclinic/src/main/java/utils/BaseTest.java"><resourceId>1574768184134371340374</resourceId></resource></resources>