<?xml version="1.0" encoding="UTF-8" standalone="yes"?><events><commandEvents date="2019-11-22"><commandEvent commandId="org.eclipse.ui.views.showView" count="2"/></commandEvents><commandEvents date="2019-11-26"><commandEvent commandId="org.eclipse.ui.edit.text.deletePreviousWord" count="14"/><commandEvent commandId="org.eclipse.ui.edit.text.contentAssist.proposals" count="45"/><commandEvent commandId="org.eclipse.ui.edit.delete" count="7"/><commandEvent commandId="org.eclipse.ui.edit.text.scroll.lineDown" count="1"/><commandEvent commandId="org.eclipse.ui.edit.text.goto.wordPrevious" count="71"/><commandEvent commandId="org.eclipse.ui.edit.text.goto.wordNext" count="53"/><commandEvent commandId="org.eclipse.ui.file.save" count="27"/><commandEvent commandId="AUTOGEN:::org.eclipse.jdt.internal.ui.CompilationUnitEditor.ruler.actions/org.eclipse.jdt.internal.ui.javaeditor.JavaSelectRulerAction" count="15"/><commandEvent commandId="org.eclipse.ui.edit.undo" count="18"/><commandEvent commandId="org.eclipse.ui.edit.copy" count="15"/><commandEvent commandId="org.eclipse.ui.edit.paste" count="29"/><commandEvent commandId="org.eclipse.ui.edit.text.select.wordNext" count="66"/><commandEvent commandId="org.eclipse.ui.edit.findReplace" count="1"/><commandEvent commandId="org.eclipse.ui.project.buildAll" count="1"/><commandEvent commandId="org.eclipse.ui.edit.text.select.wordPrevious" count="67"/><commandEvent commandId="org.eclipse.eclemma.ui.junitShortcut.coverage" count="2"/><commandEvent commandId="org.eclipse.ui.edit.text.toggleInsertMode" count="1"/><commandEvent commandId="org.eclipse.ui.edit.text.select.lineEnd" count="2"/><commandEvent commandId="org.eclipse.ui.edit.selectAll" count="1"/><commandEvent commandId="org.eclipse.ui.edit.cut" count="1"/><commandEvent commandId="org.eclipse.jdt.junit.junitShortcut.run" count="1"/></commandEvents><commandEvents date="2019-11-29"><commandEvent commandId="org.eclipse.ui.file.import" count="1"/><commandEvent commandId="org.eclipse.ui.file.close" count="19"/><commandEvent commandId="org.eclipse.jdt.junit.junitShortcut.run" count="1"/><commandEvent commandId="org.eclipse.ui.edit.copy" count="51"/><commandEvent commandId="org.eclipse.ui.edit.paste" count="101"/><commandEvent commandId="org.eclipse.ui.edit.text.goto.wordPrevious" count="173"/><commandEvent commandId="org.eclipse.ui.edit.text.select.lineEnd" count="2"/><commandEvent commandId="org.eclipse.ui.edit.text.select.wordPrevious" count="365"/><commandEvent commandId="org.eclipse.ui.edit.text.select.wordNext" count="399"/><commandEvent commandId="org.eclipse.ui.edit.text.scroll.lineDown" count="3"/><commandEvent commandId="org.eclipse.ui.edit.text.goto.wordNext" count="166"/><commandEvent commandId="org.eclipse.ui.file.save" count="61"/><commandEvent commandId="org.eclipse.ui.edit.text.contentAssist.proposals" count="26"/><commandEvent commandId="org.eclipse.ui.edit.undo" count="94"/><commandEvent commandId="org.eclipse.ui.edit.text.deletePreviousWord" count="3"/><commandEvent commandId="org.eclipse.ui.edit.text.scroll.lineUp" count="2"/><commandEvent commandId="org.eclipse.ui.edit.delete" count="7"/><commandEvent commandId="org.eclipse.ui.edit.cut" count="2"/><commandEvent commandId="org.eclipse.ui.edit.selectAll" count="1"/><commandEvent commandId="AUTOGEN:::org.eclipse.jdt.internal.ui.CompilationUnitEditor.ruler.actions/org.eclipse.jdt.internal.ui.javaeditor.JavaSelectRulerAction" count="1"/><commandEvent commandId="org.eclipse.ui.file.export" count="2"/></commandEvents></events>