<?xml version="1.0" encoding="UTF-8" standalone="yes"?><events><partEvents date="2019-11-22"><partEvent partId="org.eclipse.jdt.ui.CompilationUnitEditor" duration="52536"/><partEvent partId="rabbit.ui.view.rabbitview" duration="1"/></partEvents><partEvents date="2019-11-26"><partEvent partId="org.eclipse.jdt.ui.CompilationUnitEditor" duration="2518610"/><partEvent partId="org.eclipse.jdt.ui.PackageExplorer" duration="305138"/><partEvent partId="rabbit.ui.view.rabbitview" duration="9882"/><partEvent partId="org.eclipse.jdt.junit.ResultView" duration="47707"/><partEvent partId="org.eclipse.mylyn.tasks.ui.views.tasks" duration="4711"/><partEvent partId="org.eclipse.eclemma.ui.CoverageView" duration="579"/></partEvents><partEvents date="2019-11-29"><partEvent partId="org.eclipse.ui.views.ContentOutline" duration="5444"/><partEvent partId="org.eclipse.jdt.ui.PackageExplorer" duration="186103"/><partEvent partId="org.eclipse.jdt.ui.CompilationUnitEditor" duration="2672496"/><partEvent partId="org.eclipse.jdt.junit.ResultView" duration="118742"/><partEvent partId="org.eclipse.ui.console.ConsoleView" duration="8611"/><partEvent partId="rabbit.ui.view.rabbitview" duration="3117"/><partEvent partId="org.eclipse.jdt.ui.ClassFileEditor" duration="6484"/></partEvents></events>