<?xml version="1.0" encoding="UTF-8" standalone="yes"?><events><perspectiveEvents date="2019-11-22"><perspectiveEvent perspectiveId="org.eclipse.jdt.ui.JavaPerspective" duration="52555"/></perspectiveEvents><perspectiveEvents date="2019-11-26"><perspectiveEvent perspectiveId="org.eclipse.jdt.ui.JavaPerspective" duration="2881349"/></perspectiveEvents><perspectiveEvents date="2019-11-29"><perspectiveEvent perspectiveId="org.eclipse.jdt.ui.JavaPerspective" duration="3004376"/></perspectiveEvents></events>